Ingreso_Mensual,Calorias_Consumidas
18295,4995
3360,1734
7890,2884
14464,3892
13784,4370
8765,2920
19350,5021
6926,2756
16923,4521
13863,4190
18523,4960
10822,3346
4185,2003
3269,2034
4933,2221
7811,2827
7551,2791
8920,3003
8896,3057
11166,3415
5247,2241
2689,1569
5505,2345
4399,1821
3767,1995
13894,3936
6056,2467
6390,2320
11338,3149
17002,4547
13127,3668
11292,3191
13055,3926
12753,3990
10933,3267
12733,3735
13516,3857
5112,2123
18287,4956
19659,5283
14706,4010
10726,3351
17041,4800
5652,2433
4085,2142
6443,2693
3521,2107
14153,4184
13305,3882
15917,4326
10489,3313
12192,3558
15490,4005
9373,3032
8175,2888
2661,1644
6797,2530
3495,1875
14034,4210
10129,3171
3516,2106
11029,2998
19762,5354
11768,3748
14685,4272
8831,2664
11071,3567
9708,3134
7776,2375
18948,5184
18716,5159
10506,3015
5068,2239
4527,2313
5195,2423
17922,4909
7758,2354
9236,3156
2891,1745
16486,4646
15166,4271
8392,2875
6061,2508
8684,2911
10892,3374
15567,4230
17765,4512
4954,2275
14337,3946
16539,4477
13465,3936
12262,3339
7556,2431
17448,4644
10610,3390
16273,4566
19912,4943
3002,1895
9410,3045
15185,4104
2706,1643
18434,5007
19747,5190
11255,3458
14883,4213
17320,4803
10074,3200
8874,2982
4178,2206
3559,1862
18698,5032
12414,3607
13317,3801
13421,3868
12289,3735
18812,5141
13752,3964
5193,2013
16431,4580
6127,2793
18657,4947
12673,3478
12730,3771
18207,4840
13994,3985
3806,2103
9276,3261
11974,3697
10026,3185
8030,2974
6248,2225
16045,4301
3163,1741
4498,2094
10494,3374
5804,2330
16308,4325
9085,3163
14149,3994
4136,2042
19582,5199
7237,2653
17055,4617
16377,4629
3354,1893
8355,3000
9892,3260
16449,4792
8291,2919
7431,2781
2702,1905
13947,3998
15188,4141
6889,2506
4827,2095
10504,3158
10277,3303
2697,1644
4430,2115
14274,4030
17587,4711
11839,3651
14089,3936
18208,4937
19543,5343
5311,2313
16743,4431
9046,2916
4486,2059
10838,3278
13911,3833
5411,2305
4234,2013
11180,3464
8259,3029
4885,2141
13611,3744
7236,2587
4302,2175
10655,3432
10620,3401
9116,2929
16757,4664
16986,4743
19146,4924
16575,4508
11708,3844
18871,4863
14335,3811
15668,4541
4549,2280
7923,2716
17089,4600
9658,2947
12748,3762
9900,3354
12374,3593
17651,4861
3654,2000
6999,2686
8795,2886
14683,4083
15374,3997
8039,2722
12137,3801
18086,4677
5057,2094
8092,2914
18982,5056
4700,2243
16672,4359
5461,2676
16707,4359
14469,4116
5369,2250
19840,4990
16492,4442
8199,2843
6487,2399
15946,4529
3718,1919
7235,2445
13796,3745
7055,2701
11646,3306
10550,3357
15257,4318
19929,5036
9393,3212
16873,4316
17065,4657
5936,2381
11254,3432
13177,3658
8395,2738
19109,5264
18136,5009
9522,3215
11651,3671
8100,2946
10496,3250
11507,3508
15446,4068
7142,2614
13812,4139
10179,3136
10708,3495
13216,3856
19953,4982
5944,2222
13257,3989
16934,4669
3560,1927
5920,2342
2801,1791
14968,4325
19490,5319
3199,2068
2690,1793
12992,3772
19864,5194
5475,2373
8602,2998
4316,2259
3069,2131
7942,2757
4395,2402
6363,2648
15413,4267
9955,3415
6514,2755
13593,3849
5509,2561
19038,5168
13229,4201
3909,1918
14749,4096
3284,1552
10596,3404
10060,3268
15033,4122
9843,3156
9706,2944
8301,3039
19421,5010
8486,3361
13147,3803
11216,3329
14823,4102
7280,2444
4868,2245
14539,4044
9155,3200
10673,3293
6995,2806
13393,3992
15903,4384
15621,4561
13466,4036
3353,2312
19458,5030
12407,3692
7277,2890
17838,4536
4991,2395
17828,4831
17099,4486
5551,2105
18479,4794
18888,4634
3376,1801
6642,2621
17702,4668
9466,3301
9579,3364
10487,3488
9299,3094
6965,2244
19519,4998
15917,4362
10811,3228
19714,5121
16598,4761
7677,2488
16762,4824
10808,3494
8449,2930
3650,1822
4431,1955
11704,3296
3581,2173
19396,5309
15907,4170
10305,3178
7737,2812
19443,5043
15275,3967
18744,4850
15684,4629
5843,2280
16000,4375
12162,3460
19464,5180
17625,4742
10630,3214
4179,1840
6006,2611
15784,4115
9753,3226
11935,3263
13810,4068
15796,4504
15745,4513
13651,3906
12957,4029
4979,2541
6952,2542
8381,2808
16569,4536
5349,2198
9890,3084
14422,4003
4989,2455
12323,3780
11707,3469
12040,3239
18864,4741
7111,2697
8378,2557
18847,5013
3351,1710
9333,3080
14438,4097
4927,2203
6500,2440
7552,2646
5238,2139
7887,2849
10502,3421
8036,2624
15979,4388
6413,2512
19950,5217
13136,3852
8226,2784
5873,2416
14661,4224
4582,2137
18781,5032
17805,4909
12317,3385
13761,4093
2917,1834
11308,3294
5767,2473
19709,5082
8245,2809
13838,3891
2912,1827
10043,3090
10087,3352
3228,1824
14157,3976
8488,3010
5467,2245
17027,4747
18548,5056
7573,2514
7604,2887
4643,1909
9857,3347
14543,4412
5940,2519
8144,2505
13018,3963
17052,4947
5414,2237
16084,4411
14644,3950
16897,4626
11287,3647
16691,4642
3228,2316
3198,1844
9686,2892
17012,4628
16423,4122
19279,4975
9900,3423
6671,2582
6860,2598
5002,2473
19601,5079
7986,2986
10835,3386
6991,2655
13630,3743
10151,3157
3667,1723
3562,1898
13674,3993
7229,2479
11848,3876
7834,2808
11424,3493
6830,2681
9301,2935
7346,2693
9231,2938
17868,5007
19837,5008
5039,2217
9556,3160
14016,4062
13993,3911
4042,1874
16464,4407
8813,3041
16307,4439
12080,3735
11191,3509
9994,2857
6812,2599
3824,2302
5641,2526
4310,2125
9088,2858
7801,2831
17985,4907
14214,4004
7248,2697
11935,3813
6209,2313
15616,4164
12076,3719
12650,3798
9030,3160
12688,3823
17183,4551
3004,1865
3714,1771
4031,1968
3323,1940
19812,5108
7529,3076
15928,4101
19017,4921
4605,1980
6127,2320
15472,4197
4352,1871
7410,2794
13503,3818
16343,4493
14204,3975
18261,4748
8690,3188
8145,2967
12088,3337
14329,3769
10553,3466
5830,2288
11162,3185
9614,3279
15823,4389
3853,2008
13475,4016
13523,3708
3167,1588
11837,3804
16159,4216
6219,2260
9983,3043
3039,2119
7464,2766
7335,2811
8542,2937
17337,4577
9812,3257
7820,2530
15716,4178
5279,2365
19808,4958
4081,1987
15177,4213
8213,2763
19139,4735
7304,2566
12636,3603
2509,1726
7624,2741
3515,1959
4693,2037
10915,3461
16050,4176
17012,4329
6658,2181
9470,3019
9438,2974
16272,4572
12844,3671
9766,3194
11202,3562
2884,1673
2904,1825
10675,3485
17658,4545
15263,4256
12360,3569
8489,2721
17606,4490
6136,2248
13416,3892
7309,2420
15956,4308
17944,4910
8497,2966
4548,2030
14838,4421
19600,5403
7044,2612
7476,2324
15275,4387
12515,3358
5919,2605
16930,4748
9739,3413
16989,4636
19133,4972
12857,3703
19654,5048
6863,2719
12676,3842
19961,5210
10927,3277
11080,3810
7358,2808
12540,3468
17754,4673
13970,4133
3752,1830
9496,3151
14673,4277
7173,2126
18281,4839
15551,4299
9381,3014
9449,3135
12021,3702
10517,3324
9441,3032
12709,3836
12050,3617
7137,2592
7354,2473
12820,3529
7392,2478
9543,3150
19021,4992
6664,2310
10441,3385
16888,4783
8069,2724
6800,2298
8769,2847
6318,2591
14515,4185
14734,4008
8754,3178
19644,5331
9850,3060
17683,4625
8738,2858
8590,2841
14137,4169
15147,4293
12411,3813
10972,3495
5766,2610
3166,1674
6688,2594
19555,4784
12661,3534
13814,3951
15391,4340
7277,2640
6400,2394
16216,4384
9481,3301
8876,2917
19407,5343
12660,3851
16624,4593
18782,4777
12988,3937
7740,2673
12953,3611
12978,3872
14894,3970
6932,2472
16068,4412
16678,4868
2802,1657
19522,5035
2555,1820
15513,4116
11217,3509
10650,3510
4625,2078
13979,4149
18245,4892
19248,4939
9309,3032
7121,2567
17534,4693
16123,4447
7626,2813
7622,2800
19802,4795
8370,2859
4031,1779
10672,3293
10173,3216
9382,3222
4406,2076
5586,2356
16003,4519
10652,3514
8250,2831
15272,4268
12767,3754
3562,1831
8729,2830
19009,4661
17647,4567
7132,2359
8788,3145
6096,2447
13975,3976
8668,2825
12295,3663
10061,3085
10758,3377
19116,5060
8871,2844
16869,4441
15410,4426
10443,3280
14699,4022
18228,4790
9238,2896
18413,4872
4972,2319
18179,4831
4261,2406
12667,3796
13054,3845
19760,5015
16777,4519
6312,2345
4105,1696
8122,2970
9267,2976
14113,3908
13089,3849
16418,4560
15546,4261
5090,2217
19947,5301
6824,2510
13287,3902
11611,3273
7842,2582
18889,5068
11159,3237
16543,4543
11337,3445
2617,1668
16417,4359
16809,4698
15734,4606
8060,2857
3346,1917
13454,3788
16203,4261
17885,4771
16246,4303
8969,2727
11833,3687
19108,5149
15319,4134
6708,2578
8783,3106
4548,2140
8733,2767
15441,4253
15107,4420
12265,3690
4328,2146
4417,2134
9488,2969
17094,4525
15477,4346
2509,1824
19144,5193
12365,3544
4719,2208
9541,3286
7787,2609
4119,2246
11012,3648
3842,2362
13068,3848
16731,4581
5990,2522
11810,3681
10484,3465
14719,4261
2735,1731
12661,3915
4408,1920
11067,3414
6030,2640
7756,2563
10662,3230
7915,2883
5891,2437
13657,3800
8451,2827
10507,3124
11564,3659
18024,4766
2577,1984
10077,3227
19484,5063
16560,4464
19949,5153
13035,3823
12010,3978
9443,3037
14454,4044
10304,3270
9065,3176
8484,2683
7170,2702
11684,3414
4692,2221
3748,1875
13746,3603
15290,4313
6187,2491
6518,2416
13802,3864
4470,1897
10889,3493
17874,4907
8288,2725
7908,2700
11946,3579
3422,2225
2919,1865
13289,3716
3620,1969
13760,3745
19834,5274
4836,2418
7873,3026
4743,2258
7112,2534
16446,4294
13604,3710
15929,3964
8871,3078
8859,2956
10363,3408
5728,2559
16882,4591
5391,2300
6256,2381
18270,4802
18978,5104
5174,2208
9398,3031
12647,3726
3293,1991
4616,2019
8279,2845
14798,4196
16653,4704
13611,3886
13289,3750
13897,3906
15499,4457
3314,2167
19229,4848
13041,3643
4943,2163
12957,3808
12880,3894
10283,3122
13973,3835
19868,5194
17828,4726
3327,2004
9647,3202
6951,2673
17843,4752
16135,4780
8459,2766
2626,1816
11295,3268
14141,3867
9696,3048
14059,4256
5868,2413
6297,2370
17614,4778
16218,4448
4292,1984
13553,3701
5976,2610
5917,2414
4145,2355
17255,4792
5572,2397
4354,2005
7162,2468
9014,2970
5208,2072
14194,4136
12024,3849
8956,2952
6712,2684
15724,4241
10470,3248
19420,4961
4125,1705
12814,3757
10473,3313
11077,3575
10570,3433
11166,3554
6100,2273
9283,3125
15726,4582
11646,3586
7471,2968
15990,4700
15451,4249
14812,4057
4490,1983
7799,2532
15497,4221
15972,4575
6880,2245
7257,2495
12895,3759
18741,4816
8088,2738
19850,5093
7444,2650
15895,4269
19572,4992
6743,2688
12416,3840
12484,3489
4259,1637
11681,3695
4982,2012
3451,1922
4579,1880
5217,2438
12192,4019
9811,3189
3268,1839
7990,2749
18034,4924
9145,3114
7732,2896
13985,3902
8297,2910
14842,4087
10538,3148
18502,4894
15587,4179
7373,2850
3981,1866
12593,3773
16922,4493
18938,5029
10143,3150
18208,4653
13771,4026
19716,5107
15100,4262
13498,3835
16795,4359
13182,3998
18880,5086
11019,3318
5800,2370
9222,3200
9718,3075
5554,2265
16075,4451
10470,3225
4643,2257
12003,3575
17649,4612
14675,4226
10856,3199
17570,5016
3322,2101
19827,5242
16789,4622
8650,2987
6925,2511
18532,4950
4698,2001
5952,2465
11606,3651
16359,4415
11205,3351
12612,3540
7341,2886
17858,4694
3909,1951
7066,2658
13882,4018
17096,4731
3304,1803
15721,4173
3779,1758
15692,4251
9583,2973
13593,3873
15380,4472
18017,4746
4606,2064
18586,4914
7331,2605
5686,2327
5073,2295
15308,4394
5099,2370
6533,2815
10928,3471
3804,2295
11133,3310
13872,4288
11496,3442
18958,4949
7975,2777
9684,3104
15375,4287
4122,1937
18488,5022
10541,3225
19225,5143
10492,3527
