ID_Turbina,Velocidad_Viento_ms,Temperatura_Ambiente_C,Presion_Atmosferica_hPa,Eficiencia_Energetica_kWh
1,11.239882614641974,3.330981797737884,993.0852841867952,229.2
2,23.91571474101816,19.38554263202612,992.3489399536,414.91
3,19.10386671985092,34.282562614438376,1025.3127290260518,343.39
4,16.170486652334805,27.95011988843025,992.4773099924752,278.9
5,6.432410089733604,31.295251653765234,993.5974863064316,158.61
6,6.431879447396458,24.64525150198228,1017.969913120898,149.09
7,4.277839467700388,26.15244540330336,1002.486992122527,110.47
8,22.05587520704857,33.213804320439365,1018.8355278477592,382.27
9,16.224530258350594,6.235060398663368,983.2683078782192,275.61
10,18.577596711513003,17.02412336394132,1004.3785596836692,332.75
11,3.452858874507654,4.954424881882101,981.680680009164,91.5
12,24.33801674756388,39.44506035984912,983.1326601727676,401.54
13,21.31373809760928,37.4826702858976,1025.3218726672203,354.48
14,7.671460434922075,-3.2257934884172346,986.9622685558796,176.2
15,7.000149278556213,26.75088276320598,1006.6210341137609,148.71
16,7.034899216775544,36.63617428370496,1000.5547801300352,170.86
17,9.69332934510983,3.1258905307300093,997.367166312942,190.04
18,14.544641495909232,20.557535374868326,1024.9916672843635,251.1
19,12.502790410126549,36.19697339146188,981.0911698387744,226.38
20,9.407041084356925,-3.472430963639052,1013.1894843087796,203.46
21,16.46076368389235,26.3839120261078,1028.1697217106775,295.35
22,6.06886493434492,8.380705331764785,1008.008409173092,135.55
23,9.4271822677748,36.59782879194387,1026.8411231016546,193.01
24,11.059960552461217,38.697621032441546,982.6128939643012,220.92
25,13.03353965277479,37.491992010104525,1000.939665953708,256.68
26,20.2738711506463,16.33963974958587,993.0078895481024,368.59
27,7.392823207483914,33.791919294519104,1016.5410482490364,157.29
28,14.313157645099457,33.00472293407817,1029.0648545248623,251.44
29,16.033120514964935,9.359521295946504,992.8265031222124,286.36
30,4.02190907983995,32.30119633678048,1012.7087300737036,112.93
31,16.365986741831644,-3.334656437802832,989.904881637987,285.85
32,6.751530721120414,21.832144531692386,1008.2665127285804,141.7
33,4.431135045676149,5.350397677946637,1003.1966243344168,119.9
34,23.87548181957333,0.4255098599775468,1028.600266481577,407.65
35,24.243904727640302,-1.5371059266855882,1010.4263636348234,413.99
36,20.784741658562144,26.332994914516288,997.4753186043408,354.19
37,9.701502921814155,10.294373369562976,985.7047892443968,193.22
38,5.148786508140445,27.614504718794265,987.5623414367468,117.99
39,18.05312658326745,-2.0589646640475934,991.2658464975616,329.7
40,12.683354862271228,9.188065202377466,992.5483330670148,250.6
41,5.684841166585134,19.277108156890176,1022.5308028920568,116.81
42,13.893892022447943,30.58254241775336,1008.0611394141264,249.11
43,3.7565474645348047,9.343862631943146,1006.1695455687184,91.38
44,23.005048845733207,23.165111939665408,985.7384435934608,388.58
45,8.693159595200372,34.86899867062842,1023.0069846674718,179.56
46,17.575490255787603,22.713843468203702,1016.1407151604242,299.14
47,9.85764367396704,5.48317636391352,983.383418095,188.65
48,14.441496465911838,-3.901964829955789,1015.3917548614884,256.58
49,15.027626145552151,34.15444932554185,1007.1769108671324,277.49
50,7.066798021561595,-4.042876511732579,984.086267287339,156.7
51,24.330861810820288,34.361575270788975,1002.9150320764328,407.75
52,20.05292211394452,18.80217103122454,1004.2348143565024,352.56
53,23.66897671441216,37.25804643308033,988.2887270081636,399.57
54,22.68620170940828,30.94524560981494,1027.284907350014,387.58
55,16.153799533843873,39.90703497400018,1022.4987685740332,309.04
56,23.28123317050857,10.782031695326957,1013.4511168664554,412.62
57,4.946835045142229,29.52347300190071,1003.1147780500304,111.21
58,7.311622973221194,13.086891112415898,1000.5882770792256,167.97
59,3.9950003560318375,16.594402913675896,1012.5486733575476,118.04
60,10.157267276791815,23.23774584482665,1007.2715934703452,190.88
61,11.550900373168604,34.315470138385244,983.1136552940944,231.45
62,8.96967869902571,39.28375611396828,1005.6251324385166,199.92
63,21.232225201342445,29.57230362390332,1020.320180861642,357.26
64,10.848573187258964,13.79950519753002,1002.961993879848,203.55
65,9.180559213122375,13.961065102468158,982.5978288777134,197.89
66,14.939313829481469,28.19120357150012,1019.3139099692016,276.8
67,6.100332949444779,5.744971559573605,990.0681891067989,147.02
68,20.648333576588872,-0.0286649090872401,992.931041744402,363.13
69,4.640114160954958,10.957997093834944,988.2353176716148,123.51
70,24.711512605211382,7.925754624433678,996.5107532435748,407.41
71,19.989384924526465,8.333865420519555,1017.8375752844318,360.31
72,7.371744993751793,5.512348797245947,1005.9692929751968,172.27
73,3.121486576719253,-3.105806466363715,990.2440637075356,94.53
74,20.940151426006352,-4.195672936996378,1023.891503907602,363.67
75,18.550861564647576,39.44750753812142,1023.9790927475764,312.95
76,19.03815769690172,14.249791018113804,1023.5289212523004,340.71
77,19.967947627090805,12.294699122185676,991.9398105690768,355.24
78,4.628982338149988,25.584127721188143,1002.5619672090494,118.81
79,10.886246027973996,4.821424953927888,1029.2494828070437,224.54
80,5.549119309552854,37.74825327776014,1018.6006238154996,129.9
81,21.988275369263057,30.38552564869984,981.358371061278,385.47
82,16.712558790206273,-0.976504895948322,983.2602295630246,290.49
83,10.279756546758282,13.791134910321777,1003.1965688406168,203.96
84,4.39828370629252,34.560323840297414,1025.461010293078,114.23
85,9.841611077744568,37.51294100311346,1006.9350898976356,199.88
86,10.154033084588434,16.033068006244136,1004.8906254017144,198.62
87,19.05133592343741,22.60351251448185,985.2736849978317,334.46
88,17.02626436981469,2.516527574143385,1012.8390052362148,313.65
89,22.518680336679186,39.60258817616394,1021.1051580300112,383.41
90,13.388728353562884,5.425226562254952,999.021000375378,234.77
91,5.631073410642637,37.422929836080655,1018.7805925462663,151.96
92,18.69138531890589,24.23409920465658,1028.2238326950403,344.19
93,19.737271069571744,22.34815576954866,990.1883229563844,333.14
94,15.348098346528918,18.070982995742888,1006.1664815597372,287.12
95,19.96127795900034,5.380141527299141,994.3568979042288,344.39
96,13.863503120016595,2.943761440247872,1019.642720951692,260.59
97,14.500122246403867,4.92187940815789,1008.879668294058,270.44
98,12.405902403888092,3.389721796491454,1011.7291208775152,233.74
99,3.5592207883700944,30.081301310503896,1019.8957079807948,95.55
100,5.373611393852698,10.755636662502855,999.7985236331228,123.7
101,3.6914420851081537,-2.3970795546471635,1025.7545034203522,96.21
103,9.915831583679186,34.77036482335416,987.8977411417674,198.07
104,14.18855520562346,36.74885274378458,1014.79495590844,255.67
105,22.966462426374047,39.77085201908959,1019.6630675219128,401.32
106,8.484429041275249,2.825286214876928,995.8380838533764,192.14
107,12.028424306783856,12.830890850619642,1022.8589628499376,224.63
108,19.62212504794708,29.120731406684108,1025.3071627382883,346.73
109,8.033559640815694,26.32092781242065,993.8452243688904,175.5
110,4.693558016233446,1.9253157852934777,1029.176073635761,125.12
111,9.374531964102896,31.7124906245778,987.035576402438,191.38
112,6.546868319588097,5.09982573264973,990.1007834201243,155.63
113,23.453348351536608,5.071792667018039,989.2112419619014,406.62
114,20.77864835041717,19.16384903020361,1024.6994855003936,349.3
115,16.934882643229315,21.682297067876643,1012.714627616248,312.71
116,22.17213298412979,21.103879352701505,987.6052141611136,391.45
117,20.68078569178052,-0.8830923171010312,1002.0161709184174,352.58
118,7.104541295492789,34.48573881836712,1010.76490125349,156.95
119,22.636297966779512,6.952001916491772,984.1732042494692,396.38
120,14.865529322144315,0.8281714577261878,1024.120818420367,270.89
121,20.76368341360937,34.99366359410397,1020.1801767720768,372.19
122,22.71400859831685,38.0043174203389,1005.260338678832,414.35
123,9.996076449381006,33.795742776945275,1028.3563307629586,192.08
124,5.421142339608888,31.428223362619512,1000.888048963755,117.51
125,8.014573575922718,24.48588912875598,1029.205515951825,173.26
126,12.396371349777638,19.78858167741127,1013.3959999401814,243.16
127,20.996324850294847,-1.0855958039865437,1011.7335636626972,362.64
128,21.93607283163956,13.380394588181442,988.2977447647892,393.57
129,3.152946871686196,11.770983265554127,1024.0963879152323,83.91
130,14.236440656706446,6.688920269214679,1001.3744843960308,270.48
131,12.18304206927314,27.553905115986325,988.111670289124,226.69
132,7.886371830356065,17.314408078544687,980.630375998788,185.49
133,5.6370380813410215,-1.352920284155843,1007.9877841819192,154.48
134,10.427533770879815,4.90824408774151,1006.3699811061338,198.75
135,23.74401348607542,25.746644364681817,1015.967681118458,400.66
136,10.110464504456615,-1.5741113229364916,1024.51290265089,210.25
137,14.413393678354057,33.30431113219459,983.9703292321516,262.33
138,18.46641709569392,17.281593715628844,1016.574824517018,326.54
139,10.999851252344468,16.62639597969916,989.3705972048792,215.25
140,24.37920581986113,21.65835030967829,1022.9088526578582,396.49
141,24.173840488726448,32.110643466631714,1020.9531756930828,412.47
142,8.53921050815801,10.651414355598687,1007.0396877492772,171.19
143,13.93946712963248,25.51072686515786,1015.5121399311656,254.16
144,9.619322815968932,20.4579383798106,995.7175056591874,208.73
145,9.266490876304289,7.016272157623959,1003.5583949466408,176.43
146,3.8115128417997215,34.53834938598211,1021.0818448855237,115.3
147,16.41041534755773,30.884170972311765,1002.9632598586606,293.37
148,14.058938511034953,24.630332559629142,997.889913266272,258.09
149,4.132532527499766,33.276177809240885,1004.710622362515,119.89
150,9.130222213205451,34.02823904319111,1021.4124626218608,190.35
151,22.98184949126638,26.87633395217657,996.7604023685436,400.43
152,8.270361594673393,32.66559977636524,988.6880796567872,183.74
153,6.187687186006908,26.38621577511777,1015.600701016539,139.5
154,13.767960726106386,25.60633472921352,1021.298910635404,250.4
155,24.684309990433217,22.83751201968329,985.0318739261768,409.41
156,8.325215973253009,28.87224878009385,991.9937056377972,166.62
157,17.786982042929328,2.1372297381883163,987.0985994880496,346.3
158,19.755631537231785,34.63918416395178,997.3970705791083,358.78
159,8.228025967832792,34.23295874853544,1002.5175489452706,159.91
160,19.02075966946091,-3.6838722634448384,1017.4413168481652,322.09
161,11.091228919823571,32.16175377541432,1012.5573792440836,221.19
162,16.910728273058748,0.7991440363050337,1011.0464283739216,309.13
163,16.937653636739682,10.080348441661386,997.6187473304828,309.55
164,14.787043049644687,28.45787153312235,1022.072377654238,269.26
165,4.986374941196983,2.234195322173869,1003.5643583699082,123.54
166,21.376654902963235,31.8085160853578,1028.9552469007576,373.93
167,10.057161429378189,32.446038008098384,1011.7071069147868,201.72
168,7.103407228796793,17.83604801923763,986.3132370782253,134.36
169,3.897053114204806,-4.712635772742489,1013.8088781037716,106.16
170,15.99964475014132,7.916715992871076,996.2552007715848,281.48
171,17.90641596053021,22.7617113269084,1014.3163598343048,320.35
172,3.364932236412836,39.15337801123405,983.4820574081205,130.33
173,14.266047282584182,23.43160871575008,988.744071858798,267.67
174,7.982907054354635,6.691161147887192,1022.7868629452892,166.61
175,17.193801389007895,23.53025663948251,991.3589778511756,317.13
176,6.836061438109812,19.299342087213496,1021.852056262147,157.37
177,18.20063023825425,30.093042781801465,993.9638044227204,327.21
178,11.508177618611825,-0.185871252786872,1012.1440955029354,228.69
179,23.60805975220816,29.246255612591263,1014.7075286754916,424.69
180,6.025460771211852,19.356996040424963,1005.6327376572526,129.07
181,10.503459723105689,38.33464017365476,995.2655338348366,212.29
182,5.496417467292959,10.384247471740874,990.6322188185547,123.18
183,23.34325960212838,23.467985191027665,981.6594677281212,405.7
184,22.301465774381583,36.94126474795078,995.1973200620362,375.34
185,8.674715809733424,-0.3870622404194339,1012.658139526564,175.95
186,17.51964901275194,37.1752819256403,1026.915240922424,309.84
187,20.978888404426748,25.9548575035366,1023.5602241131526,374.44
188,15.214417855188172,-1.9473323402672644,1018.3032388267652,287.4
189,14.652312723832145,8.543360512606732,1019.422367162665,257.33
190,8.320750399809937,26.86774398903767,1013.2492451737996,175.36
191,5.048260891729782,-1.9692229339052727,993.0143428783,118.63
192,22.73874667497319,21.197670707932296,1025.3597515352917,378.5
193,22.80919725759327,10.564737562883051,1013.5366155952916,389.97
194,16.928232060011894,22.94119829953647,1008.022031549022,300.84
195,10.458655403071417,-2.9416084784369216,985.549473460674,231.15
196,10.68261064147854,34.219156276856936,1002.3527771903211,214.57
197,18.971024935145262,38.80700361298286,1003.0179135600964,320.79
198,22.736425718956696,38.59950348785612,1023.2281804761336,385.4
199,22.51590133383258,28.73433242843161,1007.3324110093894,397.95
200,20.157262008867725,0.8538808058784388,999.0200274485204,373.24
201,17.12469621539433,29.121843816806013,1028.840016425533,291.01
202,4.8510792298910745,-3.893588759353932,985.5360296663158,103.97
203,6.555831710081503,-4.004440181195124,1001.1274214155972,167.05
205,16.34143931251098,16.988943568209958,1016.9952060383464,286.44
206,3.2023351355658525,29.66833380135069,1025.9038276099575,103.38
207,5.232373943052706,25.74829194729273,994.0018664775243,102.13
208,17.59703892037723,15.065621786953674,1022.917083839956,313.99
209,3.111354844616811,7.313199982674964,994.6109115230948,99.95
210,6.537777131184971,39.87060250709701,1025.5385080821957,157.31
211,15.072143366064894,14.178158600618785,1017.6980951798392,265.94
212,18.22169434923925,15.312416094835395,1020.245338842072,324.18
213,17.343147709057213,2.363071953625113,980.9003277800228,300.89
214,7.933924808132315,30.766429693746822,1028.140517853701,171.56
215,18.66794286964579,26.21570016016699,1016.3335496035162,321.07
216,8.219479924929601,4.934632575494218,995.2375547693068,169.21
217,10.158793359503887,-1.292852947287079,1021.4697332429424,192.42
218,19.42281091259653,25.62246859336209,994.0760599207464,347.85
219,17.291923779038722,24.453004642651084,1023.6376919783064,317.96
220,21.682915030871914,7.29667871491942,985.6290195205968,372.9
221,17.467483630607553,37.788860301268464,1015.1842988730398,312.39
222,15.502789273380376,1.7976051301405107,1007.0349238322456,268.06
223,5.060844892218034,14.455066046917086,984.826723509772,122.92
224,11.089747667307538,37.46271640754195,992.094691412942,215.84
225,8.83445208899796,13.887729261675505,980.6202018138656,208.72
226,8.36777215433984,23.733667644883848,1003.4383982732252,164.4
227,24.4062322045538,12.891747908325744,995.063263038,430.74
228,11.648149942668727,7.339684105690152,1009.917874214888,234.69
229,22.62502421389649,39.27899415819227,994.8618903854308,392.18
230,16.885049771939784,13.420030284176937,994.9959555753492,320.86
231,20.485848677916263,35.23446416556105,1017.1596599365802,361.01
232,14.058016048314226,5.347957265098879,982.4071417989176,264.76
233,15.6918854617799,4.589711681128749,1025.144749759599,284.85
234,13.835389264015006,-3.5989662701969887,1022.613193719559,269.77
235,7.295345731556979,24.325007141914828,1013.3902341613204,170.39
236,18.89394653575312,11.58368546756925,1009.6610785053692,327.15
237,9.176991973698827,33.896121242783664,1024.6151249069826,174.46
238,3.5349512614919845,16.294445801120073,989.2665089764356,100.99
239,17.200390509957693,38.56870425616248,983.9484581095414,300.01
240,6.896434946955077,3.348648206640452,991.9755084954768,152.81
241,23.69008885576412,34.088042558002485,1019.7289139350096,417.73
242,23.98642869405692,29.94685837562838,981.7335133363242,405.22
243,23.12701658484987,29.69148300898234,1009.1403417541744,396.48
244,11.143491405619775,33.01524526525994,1029.7718758095657,217.73
245,3.3400455636350834,29.24607959243496,1022.784804691877,108.58
246,23.42300837692996,23.17991447341369,1006.0722844521796,378.88
247,12.420051262980916,0.906019495707441,983.182045464332,230.23
248,24.26640601896073,-3.536321922893664,1021.5686757192856,416.11
249,24.199639495963563,36.43815315170591,1009.9489254088604,425.0
250,21.766208020281923,22.749264153433213,985.7466498529784,371.57
251,9.477875625530883,30.844178093927937,984.692864241168,173.4
252,11.472150029242355,16.66850581806475,1025.4813409718297,228.28
253,21.72500677337085,0.2788685033077511,1013.460013146904,369.52
254,9.972284113438109,0.6333606491147696,1021.4643399658378,187.69
255,6.728840427094035,25.850437925303712,1023.9489450141134,144.69
256,15.249627774083704,14.36376527047582,1008.588617602416,276.9
257,23.595405031537183,4.023612701515152,1005.872317587752,397.88
258,18.312655526849404,17.12175460336466,1001.5213705160496,302.63
259,15.54134574196603,-2.110597831618966,995.847329389556,292.09
260,5.137882862956908,21.188713086147946,1001.7297980429356,139.82
261,16.530158987381732,7.1047031995793954,1018.6939827865078,304.47
262,24.7811847022938,30.890159528673465,1010.0961715507566,410.34
263,6.081848335203529,8.96628815156082,1024.6261644977424,139.21
264,14.403252352002209,15.484906708681052,1002.1690007189594,265.98
265,22.30220758241502,-4.477075704135471,1010.3544789359375,390.52
266,19.2969095905925,-1.7398900492448504,1011.5653776545994,346.14
267,18.33434630189589,12.662210038300817,1009.5848581153164,317.67
268,18.454649847716404,16.597247562270557,1015.131688654276,327.64
269,10.908805326834614,22.000924665368668,991.8716734187404,218.2
270,9.459020573818854,8.124816041918645,1005.6181888772896,206.44
271,20.8059454205273,26.274184875694413,985.2112401404174,369.13
272,20.822494682941976,33.70550787351421,999.2255663822408,370.23
273,22.07559100876228,30.09329450020074,1004.3833534310633,381.97
274,23.091292156242368,-3.2171528593239285,1012.6112129772736,410.47
275,14.249532774940633,16.622812626602304,1027.52655262931,267.84
276,14.033358483118391,-0.2781419711821309,1010.0325533274178,251.89
277,20.562493937269053,5.892025713813736,1017.179695808828,372.47
278,17.299206477110832,39.39981669702159,1005.3133029747602,316.47
279,18.44327129966948,1.412299430568095,1011.7052015688166,322.22
280,20.507438727594224,17.449966905311022,983.5466108066888,352.82
282,10.435893450733788,26.61092367448468,998.0926546602568,211.17
283,11.262824958078768,20.184190756911136,1003.6246677503256,220.92
284,5.067602676499118,-4.560311866136735,982.2824372751192,129.13
285,15.722163101915829,9.690758870979636,987.001204877666,302.83
286,3.790730023528326,18.297023952312014,993.8407153895652,117.58
287,13.243156398914124,-1.046007538482499,1028.5766345450525,250.55
288,14.938181963566686,10.778211904413132,996.5673503551524,283.49
289,9.303907546822256,-3.5058601043885047,1004.102052905604,179.23
290,15.998331732518237,-1.4639676280240668,989.8048856369196,293.95
291,3.671005498659088,12.861547429071823,1010.5390035537883,123.16
292,3.821660152482717,0.9722089319377156,994.0341607757988,105.14
293,21.09721233451248,20.539338171770115,990.3496289219212,357.98
294,10.924194111047782,26.02592361117696,1005.8286314222988,207.34
295,5.795331278341465,31.02640145990873,980.2752899580212,126.03
296,14.489351721205695,4.006760991016455,980.3832016324612,259.49
297,19.93985816816944,2.53671620165814,990.9534404550928,345.39
298,7.74806260493055,-0.2944471849519887,981.836068125041,152.17
299,16.703590468018007,23.639361229463653,985.4012877065346,300.71
300,4.877644229862896,26.79140769191056,996.9430324669376,132.19
301,4.136997865709369,-3.5786234828461083,1020.1292839789908,102.98
302,14.689801894499256,37.12955108096604,1008.602432168465,285.54
303,14.893972675422344,-2.6612922356837414,1005.6333862978208,278.52
304,17.023457832960545,19.35833508854817,994.674441160406,315.66
305,18.974009341898554,26.90772337529124,1026.587685971641,328.03
306,24.46874574817576,34.19361056857385,999.8507520618596,425.58
307,14.358607662626296,27.133911945959248,984.3546383397886,254.46
308,10.105042404707412,31.077763738140632,1010.85332580589,210.48
309,20.49409628491148,10.275258664426271,985.69191967383,359.13
310,8.958309527765632,31.66713011859305,997.2611571400846,189.91
311,12.657371255523994,-1.3948319126896185,1005.3705969358904,228.1
312,4.726040389529851,35.26674952272374,1023.7111262342588,111.94
313,3.557716355140065,19.64165692691813,1004.677329017006,109.34
314,24.17826512291435,31.778399648312217,1015.1129383015832,403.19
315,21.39156265126853,15.354322803323504,1029.6408419499537,375.51
316,18.31143253406136,23.960996283843624,986.574455994899,311.0
317,11.996964777113938,18.688119742125096,993.736576275976,238.44
318,6.812475041558607,27.92152847898993,999.7288037798824,139.86
319,6.441614938763893,-1.326650808623469,1001.0914089269417,152.15
320,8.505343759621098,-2.284156220424629,1000.5510537632772,183.84
321,15.08298662353465,6.119645530456591,1025.3805501278275,269.28
322,18.72111029940137,2.1795106050934754,1015.7016322233428,336.64
323,17.524342287790088,34.23026049664907,1010.3952607045352,315.47
324,9.158545732810742,4.864629431111995,995.4686358931392,181.99
325,24.00703617459027,38.91393651186091,1021.1895192110647,400.02
326,19.233732167306908,10.160310629699808,1027.7530255742497,318.88
327,15.195789155250814,3.195306205991468,1021.0599141275112,281.43
328,16.45785641715575,30.53643282141156,980.0782552595736,281.22
329,12.23120137341138,24.641849897539423,1011.8200685091704,234.42
330,8.450081769025465,17.418807240391253,982.556769072105,174.12
331,10.831398930327754,19.991359792193407,992.880361016686,219.26
332,19.67261443021612,27.36408002225187,982.9762350173886,342.07
333,3.316656749854629,5.280463359908442,1010.1897726474692,96.46
334,5.553598091152157,39.83502622255339,1014.3294956746304,140.62
335,4.0120581244785605,38.86569229660524,985.7243819032952,113.53
336,3.8960336510173432,24.26465588561216,999.191944152249,111.6
337,21.82013284824216,3.979410291811531,1002.8118254477772,381.99
338,18.48047290636052,25.610270909408108,998.452651088046,311.85
339,13.431824239921154,-1.7510715959370868,986.0512500242596,259.05
340,5.152351534322032,-3.620637400738727,1000.9473895093738,133.41
341,13.815549252570312,6.595729983004615,1017.5589023904208,247.07
342,13.416378957172444,15.818033053269232,983.5503832266628,248.8
343,6.810441138020334,34.072262743377124,984.0090007040952,151.76
344,12.544736283235409,27.72260813948386,997.7385645917992,236.83
345,11.767104156742215,28.421793453999143,1027.0862855809462,229.85
346,16.54870215714876,14.147200050163391,1013.4286323361456,312.54
347,16.972060319088165,10.567074664613331,1013.9334978336284,315.4
348,3.9966882149849794,11.696744334307123,998.0959995418932,96.83
349,11.241477521782366,39.44423036812261,1009.6830395604268,224.84
350,16.7689181457132,-3.1950863864382884,980.5065592013872,314.82
351,14.068997688761929,34.01641732551018,1011.8048023204772,264.9
352,21.84277650614309,21.040393385757703,1025.6643473788115,388.55
353,17.491259895616793,14.737693863531572,1010.628673417241,332.49
354,6.584557395791453,27.636594718681145,1023.6849296733172,159.01
355,4.552512442809457,16.90010236411163,1016.1986527733048,120.78
356,17.133224120538944,34.304045713674725,986.0279208201844,317.45
357,3.58324883191568,35.53158388050663,1025.122665364292,105.2
358,15.887062788016191,13.977441709305497,983.3221922177888,288.54
359,23.685065311349067,7.457250875577321,1006.6983736273882,401.76
360,15.660431913269337,21.6557647867013,987.1068561896728,300.54
361,11.539738376543482,36.05635055275109,980.5853305365451,214.91
362,17.152340805731768,4.479798505254996,1001.101713006382,322.61
363,13.081563590813364,23.033496260356724,994.7520353827078,251.22
364,15.003569364950568,23.420209904163425,1004.3000246898802,261.06
366,11.494258031617033,0.9205458307266916,982.1869536154474,201.41
367,24.14619240412611,27.212123410693984,986.1501647561872,418.45
368,22.9177141230334,35.906463429953845,1007.9321198225211,402.62
369,7.307404965364522,3.085739899160888,997.1583676586328,153.69
370,4.52594861925364,5.689449621574493,1016.4586743774724,119.12
371,5.217116030303386,38.71277923187378,1012.614582429597,147.8
372,3.400880164334094,3.143962871927039,1022.2802181494952,95.96
373,5.0777451366304245,33.447329201631064,1014.6246413334612,115.58
374,18.02614901515985,17.152503540161565,1001.4965538695074,335.21
375,4.566150266125038,6.125398348142968,1013.6483311197215,138.12
376,10.017463866462748,34.183745557263016,993.769058712771,200.3
377,21.587256841328,15.038736475119949,995.3156749389108,383.92
378,3.511982586188169,18.16678092683605,1019.4492579960396,116.09
379,20.91830661695659,11.165501622989456,1002.3209758200792,356.35
380,9.200805045014798,21.68278831457173,1019.9190170259176,183.16
381,5.599626207676438,2.3585742663260243,1021.121118683414,146.3
382,18.32821763801132,12.598669149329233,1022.8781168830642,341.77
383,16.83674262915745,38.62355450508794,1025.8317617920604,308.18
384,22.304384297595163,6.61600447155074,1001.5492610256648,375.77
385,19.17156296368549,24.55314990435815,995.943340916057,357.44
386,20.676580468466668,9.63355289011127,1009.1099373297056,354.84
387,9.204760596568743,29.80629065589703,998.5586211718812,184.72
388,6.903669963153902,0.889314732325742,1010.0537083400116,156.98
389,19.513524536098885,38.64194702853451,1015.2792931321912,358.24
390,20.75036426387981,15.420529362263768,1014.4202509246068,369.8
391,24.791113124014814,5.622270850590878,998.727644351006,426.02
392,12.077588892051384,-1.6926463701494303,988.3430100849376,235.8
393,11.18439788744123,2.6391057289393336,1001.5264669231104,218.2
394,20.08108513632393,18.389827685020794,987.1297072040954,356.8
395,10.497677885566391,10.165142939407884,1024.5048517591904,182.17
396,23.476661163278425,32.299751464717424,997.2938730368928,399.18
397,21.88508054054626,14.389938564781268,987.722987361166,380.69
398,12.437868602250404,6.192142266443346,981.2723879952875,225.06
399,19.519163491412943,22.771524397181352,1012.2911193143242,346.65
400,19.59994322986301,26.804974759845063,1011.8451158727372,341.95
401,5.268725114390517,2.516885855542744,997.0302083290646,146.59
402,22.856163946950467,2.5428647329742944,983.5855944423826,408.57
403,14.115552193852857,-3.3497857879905664,1000.4814447447616,257.08
404,21.18206425437032,28.138090677953823,995.5608747531696,366.22
405,10.041091222673458,24.87120374298123,1013.8560319867504,199.88
406,22.70151102691641,16.358389408741626,1010.2889624726344,386.01
407,11.562436932151588,32.987670203613874,998.229686409877,225.39
408,3.238428332566564,31.255156882752395,990.8946277127496,90.99
409,22.9184034812238,21.34094639785385,1029.4017983077797,382.47
410,5.008306889294938,34.07220762309664,1002.7000810598056,131.35
411,10.024900026989126,4.2628544516545706,1014.4137117890118,206.67
412,23.90136327511771,0.0363828728977546,987.027648378918,400.48
413,23.913357232626232,7.138732518264533,1004.2794849829698,417.65
414,15.615633538712297,-2.4310914759808315,981.3768359934732,277.92
415,16.900418667735586,18.90262876004644,1005.2727558955226,306.04
416,12.865801483523034,37.14725615327327,1028.2008703558852,251.19
417,9.45063697735742,-3.229540669917066,999.21033564929,191.42
418,10.23061999813815,0.4949461304512059,981.9498006287456,208.01
419,17.795406033694846,15.348956272754588,981.5477895459672,311.77
420,19.55223964762896,37.02437578875572,999.3993379973434,341.32
421,20.414738961968663,9.227024723953772,988.0012468231596,354.16
422,20.371599141480186,17.82556639097766,981.1676048164092,348.11
423,5.0065342670711885,-3.129221342732356,1017.8106806975088,123.33
424,13.877246703456793,1.6754440432939983,1002.9261504440946,242.67
425,4.266292720366174,39.39835553314811,994.4622385986328,109.08
426,15.08963541112218,38.430341339622046,1025.004159150824,273.5
427,12.713671030214297,-4.777700857951567,985.8069480100264,238.14
428,22.5294920206826,37.83153034404575,1027.795941447766,385.53
429,10.720130276145731,23.760397201697515,995.6983358688676,210.18
430,5.575474361407329,34.056323253401,1024.420183615434,138.43
431,6.145817005162389,15.46329350352366,1010.1471438239732,150.93
432,19.75323389778439,18.20182128606626,1021.3353679870744,339.8
433,16.600797392957745,16.99809611156141,1029.2006581605233,286.98
434,5.224698874701385,25.00889158957469,994.4202718909372,117.95
435,4.850349734529944,1.2843064640340804,1028.0567742703795,117.88
436,18.42132089210064,-3.651188455729492,999.474094745121,322.8
437,4.600786140012257,8.85684737160359,999.275595236846,111.31
438,21.08092130438784,26.7106343231491,997.0193552127251,353.25
439,18.53732899744292,4.083405345532677,1007.0703803673792,323.5
440,4.789673174121795,25.30445949962128,987.7072521589243,123.66
441,4.866429709874222,38.64604207482717,1007.6855742679004,128.95
442,24.70607072702586,-0.7744677894761729,1007.0852406205,415.02
443,11.233957506634647,25.26709532013068,1018.0950906302436,214.38
444,11.1541272354716,14.968759868705703,1021.6824980968792,208.04
445,20.881590479665057,34.06640144698774,1002.0220675156212,362.91
446,23.83946870244489,2.9717405251323656,995.1166624675748,399.11
447,24.69202340410316,26.168167850177404,992.9667448658548,426.11
448,19.574320075696715,32.71518803416496,989.7311918352436,325.76
449,11.277710881680148,37.50763987633105,982.8823791099512,215.57
450,4.837015767370713,25.746161273034065,997.1223989417356,125.57
451,20.09723215040361,17.37286438037923,993.5123846065392,353.3
452,15.284893494187711,22.803125809054624,1028.3208692933204,306.2
453,12.332884203433478,34.10072430154232,1007.8854413125022,238.49
454,22.93979647208419,20.677438598747337,997.3638519515254,384.06
455,5.44634461073533,-3.632582313642341,1009.0233800496848,130.74
456,13.837752294398902,36.892691297814,986.9598350672848,239.8
457,3.24978018488322,26.028703796420253,1002.2021874601102,97.94
458,13.310534123870776,25.44310235997609,1011.3117160710532,241.33
459,4.238672065000422,4.705381857897272,1004.4448915896226,122.73
460,5.613994157897582,24.649846160469576,1000.0889400327162,128.71
461,5.585577429096308,12.723898254437133,1029.6924194449848,132.62
462,17.282626646553396,24.305483966867143,1024.0157381074464,302.88
463,19.412987343839312,-0.2033136361404173,1011.170297907972,358.58
464,15.834112832137512,24.603038707136623,1008.468868059114,284.3
465,24.167796066439923,39.97361765968,1011.0330239912292,430.84
466,11.24715274952149,-2.8304582512749787,990.0656053911216,226.85
467,9.285665898200936,38.97283828995928,999.756887163216,194.11
468,22.109180820168127,13.310858232529178,981.9729766445448,385.33
469,7.919108447427958,34.18390526517666,1003.7773018743412,172.72
470,24.19089586769345,30.207346782622302,1007.1512291978833,393.59
471,3.2673984431759595,20.51573174440005,991.3874868051604,96.22
472,24.337334187568057,28.230214416309693,1028.2014423582757,423.51
473,3.9495180629126745,34.533200258560655,1025.472730546862,108.75
474,22.605148501357565,13.186314474296484,1016.1071617727952,375.03
475,14.609424399898597,9.71649227034574,1006.6693314382682,268.62
476,24.84522551462461,25.041702350361312,1023.4984579823844,439.72
478,15.184794256829058,29.30283106494771,1019.5254897137444,277.15
479,24.324655783620177,30.901614198638555,986.2410406983424,424.38
480,14.508152571743274,14.601249166581988,1019.7105331274704,263.96
481,16.846770038975777,31.80253972787597,993.7883784125678,285.66
482,18.306471157661576,0.4094074916773795,1023.8545290509096,315.35
483,12.999903424891013,19.50200940823823,1027.2021046912698,260.63
484,16.806277761849394,-4.740860277584529,987.4397984702558,299.35
485,15.854914862308206,9.606362345512164,1003.1337802532696,285.39
486,22.82547623080176,11.490769069212906,1029.0493689081345,389.38
487,3.999820367512073,12.827771122416491,1004.1703717986574,129.04
488,9.181190171029067,26.2960243010438,1023.1773761257272,203.98
489,23.90905264968429,12.48511455716556,1009.436576106566,430.82
490,22.58580324560016,15.19121301801388,998.76649539598,387.2
491,13.024448561285684,5.689485889344736,994.2891777762936,248.32
492,16.64291715163381,11.796330623320303,990.1611545543044,284.48
493,9.10238602558492,5.227133226841817,1018.0899095688848,201.31
494,7.138665513922749,-1.7061834304200365,999.3270253411514,145.4
495,13.201364908679608,22.155186702162005,1005.5637731100376,250.19
496,10.773749016573165,25.06957593497573,1004.6162740000592,200.63
497,15.840434460719186,22.87706557043265,1008.8639514616566,281.72
498,4.710162013229667,15.857231971025756,1023.2788572812276,112.28
499,24.436685768655664,12.09036010806534,1029.0369671791714,410.47
500,24.696636378551265,33.850014230732135,1000.3792104286908,415.06
501,18.359557708434394,18.35868033112981,1021.3759461053152,319.91
502,14.794120059570648,16.563184493337893,1018.226389732736,280.25
503,9.80960755829921,-3.846107038710394,1008.6764475727788,186.1
504,20.90349043355287,10.356152243177036,1027.8023571805966,365.76
505,18.064085796185346,12.108802845363568,990.0237257764202,333.14
506,6.577572665587608,12.947025140360523,985.463210515481,143.53
507,23.040398058864533,21.10775661522996,1022.6980983477712,388.43
508,21.09581934430972,19.01211460270953,1001.9574908316874,364.13
509,23.89559809242233,22.355729175705008,1022.3484427103532,420.23
510,18.96582918454392,29.41974676939577,1024.6545102597706,336.43
511,16.495134310587375,31.584358242224205,983.1228796809536,292.11
512,12.201346798393615,27.315538430192248,1024.173238149303,237.86
513,23.52002663378829,37.99856631797206,1002.4159527684712,391.78
514,22.053405569008984,-4.179533779563727,1005.5216244502116,387.61
515,3.994810742336167,3.810009355759574,1011.3296255546604,114.01
516,3.580073438939544,-4.659670625983605,1026.3191303365045,100.62
517,11.282194071317091,24.136362136957136,980.9558047214882,210.85
518,20.83217327720032,35.41137470274941,1003.8421734158908,353.62
519,24.72007484492877,5.956703345933468,1014.386102121528,426.15
520,6.30917160427762,36.7165545158338,1016.1353478849114,156.93
521,16.070875737746974,-2.287967436969762,1014.6266215768554,284.69
522,11.379598845882471,37.04962120624814,986.721756470406,225.28
523,24.33811675192127,10.823020925783547,994.969779418584,394.2
524,21.52661630898559,-0.4360627197852569,997.9357762708506,367.05
525,21.44323150364504,16.864229163384653,1020.2218603839752,371.34
527,12.126029051428636,7.819280588286528,990.5352481933602,222.53
528,9.014955582475537,8.828048421682896,1027.8724009519049,178.55
529,4.2402609263203965,31.136165402469857,980.4431642556734,116.53
530,22.02389227761117,19.262257450386453,1029.891042784099,378.49
531,20.883822200861708,9.008846462020164,1013.8410649428698,340.88
532,24.99378881229488,22.46502024899133,1021.4234649724558,403.7
533,24.92601041562592,27.22678034004371,994.7309698173096,417.82
534,15.219497523257804,7.268080033009019,980.715763883353,282.87
535,19.91772313397123,13.609709568640817,1016.8934759280766,321.29
536,23.78484605741341,0.4848742001626398,1021.7072298500336,401.78
537,21.692242594903053,3.1517207290606137,1017.023806597676,370.12
538,8.44165823835035,25.650303428424227,987.142514365042,190.51
540,5.84150713333289,18.63235226501771,1018.446139105382,141.45
541,23.989122599691893,26.90708177750947,1012.9270257835028,411.25
542,16.33584195791936,-0.1905384607365272,1018.3057966397791,273.73
543,8.03014172107618,20.52904988330065,1022.2960719838866,178.13
544,17.77741505692885,6.545325266561369,1010.6802057118728,318.82
545,16.598821290073708,38.33170938569109,984.430235698484,304.07
546,10.879579796722492,16.759554102396613,1004.3813904833604,252.46
547,5.498267028391839,31.26966473988212,983.8824667335804,111.63
548,17.77461030304159,19.76019439703178,1000.3771515516216,333.87
549,14.446769419883452,-3.046436021533138,1000.3553244562812,263.83
550,19.991004618184064,23.491811901731005,983.300492207012,352.74
551,14.443597024463855,37.813150399299566,997.441026698474,266.2
552,21.74799300700788,22.072531906584903,985.5499049395656,371.98
553,15.141950453038682,31.86349867420556,1020.4117605004612,271.43
554,15.3406353737785,34.78929085067835,1027.3844012982236,283.4
555,22.286379258483592,5.263589737701961,983.615823762897,369.12
556,11.876623056672734,4.5420177958702,1027.755760364585,235.66
557,5.948335025914096,22.494144498294627,1006.1288299668372,135.06
558,3.6332188788934574,13.496281141301711,994.9782838976936,93.2
559,19.61301962481961,32.79375862900242,983.843103763808,339.7
560,16.64681012977622,35.5010405529105,1005.0312134035208,312.27
562,7.685211553196036,5.6591751538516935,1015.3543238633348,168.86
563,6.000172462908935,30.123648185973785,982.5113005731988,132.69
564,3.319982644693402,7.366271599666124,983.6450917683952,107.38
565,10.712926293745134,32.01764433311553,1000.143664131632,217.55
566,15.978189110801928,14.068221414194326,994.7645247023972,308.16
567,11.629368992194111,25.03974546811617,991.6192161528024,222.68
568,12.62444828452204,-0.7009108774399317,994.0502249454356,246.05
569,22.891491278862464,23.073669610445787,1020.1741371648442,394.35
570,10.661620274512607,15.32954554317531,1026.4614026815927,222.88
571,14.307768761515838,21.397380842896336,1000.2551347263784,257.43
572,20.240366280305143,2.560639348518854,1025.3055501066249,361.06
573,11.723941211067944,28.159318522488192,996.074785062394,223.91
574,16.685907405013218,33.825868489445284,1003.8218493171896,299.65
575,21.972001592428395,4.753291004084904,991.3014498908,380.5
576,23.88945372046813,-0.6928450015927226,1012.0238021087922,410.86
577,6.235616580438835,-3.936263627914862,1028.9490557587403,142.37
578,23.38492775355288,23.88871751994697,1010.1746548021688,402.92
579,13.82655844774984,22.319231623995133,997.8907042056776,273.18
580,8.681376542577084,19.60138357213315,1012.3908722995264,190.08
581,13.100986637241748,5.437619325218893,986.1460339232692,255.21
582,24.56071665628049,12.59076981574816,1024.43295401327,413.86
583,13.837598067843132,21.751435083377785,1005.154197538992,248.67
584,10.232535426325182,17.354508648662623,1002.467487101982,213.04
585,16.934818794967967,39.45034840966993,1009.293239422676,312.78
586,8.283203613120246,1.1397888650529904,1011.23919313947,188.97
587,4.668993218390606,26.28150493214172,983.5887903113256,114.0
588,5.835353882034283,13.194344564693148,1014.13086106117,135.23
589,5.817008457070994,14.268982671652664,992.0965840157764,120.86
590,6.341859257270476,27.291899454617933,1015.6976316253294,141.2
591,6.054197798287023,26.159626809596634,1021.1267397192098,150.78
592,17.099244385670723,39.60651971659848,1020.197925377626,301.82
593,7.001361856781186,0.777743025435635,1007.6250483703944,161.43
594,10.604680233124991,-0.3150657777125145,1006.0084946155376,207.17
595,22.72934501793226,27.595246770793352,987.1437980669706,394.18
596,13.427156085783192,21.02741126528841,1018.7673075201568,239.93
597,17.6862702474626,7.337229995191263,993.5704690223356,316.15
598,6.791037166435856,-1.4261283954956028,1004.8347711408974,121.95
599,7.230358413790757,-1.1453787681606258,994.2137046463758,156.59
600,3.899109557862535,35.238589359885324,986.6914181499848,92.18
601,6.71657138758762,3.634029612343431,1011.4778848445868,162.81
602,9.12898745870309,9.551720295198434,982.7166017411452,194.71
603,6.89423065408843,5.199538100214461,1017.43226170631,158.08
604,4.951455742655224,10.97483376243718,995.8793397630558,139.48
605,5.653989164213218,-1.8759270764257985,980.0067346502244,125.32
606,13.137132896719969,18.357690590872167,1005.5564569618616,264.53
607,7.539341804927435,-1.9574346383503287,982.3425954263802,172.41
608,11.01393694305766,31.016042852006272,993.808477891045,212.84
609,14.075179958806851,5.517043685969487,1015.3488243727858,272.48
610,18.188686229846034,19.300536157202977,983.1344810810932,311.77
611,3.8648670765041766,34.60355894026562,1021.9669246178,99.73
612,20.58702877599893,24.289481607123736,980.1909961329292,352.72
613,16.81380856879997,18.983100394810087,992.3411934600952,296.92
614,4.798698702875182,9.595018890191902,1017.0452028076036,111.41
615,22.2187297303491,9.985086087618908,995.8135074864654,395.51
616,23.25919281169989,25.126912983918555,985.0946194033008,396.3
617,4.343715116807003,39.73627125495254,998.0116959400214,118.68
618,9.09130825923848,24.78276354322204,993.5196643192264,180.67
619,20.73642815544735,20.10025378165112,1022.1355951080276,342.84
620,19.461713188440484,27.87927296076608,995.6673958792572,344.63
621,7.059462425840302,15.934252552767315,1019.4466235888004,136.77
622,7.605685113407627,-2.2935945829646656,1024.5936072405368,163.4
623,11.150386261410404,20.30335671450594,1001.6908709788264,203.57
624,13.65950567420247,38.093137802742106,1025.4971571927197,274.77
625,16.60160497366651,2.8886324060946835,998.8659026981596,308.14
626,11.116100070534992,26.05022008692996,1028.2039208245053,217.8
627,13.175763754929251,4.042015989657541,984.4644762262786,260.27
628,19.444360638942644,19.11224580128866,1014.3509633251622,333.2
629,3.807030463593154,-0.6495597658976173,1004.6907020228464,112.54
630,8.553612775568457,15.266692131618331,999.3824402727824,180.3
631,18.69369088946016,29.027349800286075,1011.63559393743,333.05
632,22.694550429118387,10.640718590754194,1015.1928545817166,403.14
633,14.256903726544657,24.921027601924813,980.2181634825156,271.18
634,14.706496675836943,30.79524823553781,988.34765443736,273.48
635,5.357784249475073,36.72300187657537,1015.652302531716,113.82
636,12.843072070116,5.558893683495409,1013.3192706789104,233.05
637,14.71757986201051,12.969216211418868,1028.3023752564338,269.54
638,8.334351079964053,1.8587205998687848,1018.0518895125392,175.95
639,8.92335108088638,39.661757597126886,1027.538635386567,172.55
640,11.300251588301698,36.71504355659329,1015.1270250767404,243.62
641,3.44156635110998,19.29807086262518,994.902610431972,116.79
642,10.085741642829923,32.89149824693896,985.2682461125428,207.31
643,7.651856153923982,18.4431089772419,1019.0911931672468,165.5
644,10.204941747914123,23.061355960124185,1012.2074610737958,200.95
645,5.634766900023527,-0.9894005547792526,982.4093006196648,125.0
646,22.591600176277687,28.98716892235636,998.002523295049,389.65
647,16.05903397818907,0.7471067635855668,1027.8399907742144,293.46
648,17.94025102117877,32.173043361363774,1005.02005728551,306.69
649,20.36176724936144,30.191263945167364,1001.6364568009852,358.77
650,13.96572837643926,26.89351139843394,1002.8849802579648,257.93
651,4.912246337923321,-3.372782876385705,990.4441362002582,104.61
652,14.816343920008052,8.640776017539787,998.4353585432398,263.64
653,15.91050459645934,6.840065645987929,998.4906627993588,284.52
654,19.39966843205526,11.20613833621836,982.6177510093736,359.87
655,12.496510017052946,-1.0560763956272656,1018.378381425896,243.01
656,5.806766661502403,37.163102036397824,1000.825221595194,123.75
657,9.243069927571938,19.921100832056933,1021.1089943408213,193.51
658,10.987810520769973,8.74859397961106,1022.5174000559948,199.34
659,17.210179309295228,12.864168268342755,990.5997027349327,318.98
660,15.55712270271606,15.124114322717606,1012.8676741085064,278.65
661,10.834127969752618,22.026745001227777,1003.614090208149,211.58
662,24.703335473445552,18.2055742463424,1024.0078368960742,433.81
663,16.327046025851516,36.37263879464878,990.7870339588228,282.03
664,8.218989418191878,17.363356730762362,1013.8906600155022,159.31
665,5.239214397648882,39.64711066704907,1010.387606112636,122.75
666,6.362901062055305,33.31412309852931,994.7650738785916,155.83
667,8.411070024459178,4.382973146080111,986.8300451825586,160.97
668,6.534990211710225,36.87678465897624,1012.5819880238638,119.7
669,7.104474529128726,0.2364879048464239,1016.9298729066164,152.06
670,9.272093711264636,31.78523688210361,995.7813671881676,194.6
671,6.814219096484607,12.128048206446104,1012.2416302011156,164.22
672,22.728839341781352,34.508844420028126,999.7565453805752,386.3
673,4.765142404556128,34.06255105483527,1015.6603441641308,117.36
674,14.539250570545605,31.26664300529295,989.9607637447026,279.63
675,12.028730193772551,30.551369633817764,1024.510750131809,211.73
676,24.612329571989346,8.710561259411836,994.370479823279,415.3
677,5.464855847697152,-1.3586322626936518,998.3892993878076,133.88
678,11.752823179006317,13.134108044432269,982.9045976040176,230.78
679,24.32834953205812,2.80860317439289,985.5756106160638,409.83
680,22.04115676966757,26.27279900061077,1005.7930951356165,380.96
681,20.97558556088416,10.574487694200348,993.3796338363986,339.75
682,8.673862194988676,38.90245903869617,1021.7740112871096,173.53
683,6.759526922581448,23.843743480539946,980.7346694327476,155.93
684,17.710150838337483,32.011625363546244,998.9547024335968,305.83
685,23.446271760806887,0.9636102733831792,996.8672773384546,402.28
686,15.248783646306457,33.790651702268015,980.96638154588,283.2
687,15.575479168337797,36.52407357310275,986.2184199500256,280.21
688,9.159540060526252,16.917786346852115,1000.6821337459318,189.1
689,19.92884453022261,22.281382198793985,1004.6432292223724,339.31
690,7.114962468265514,29.4164410406348,1000.2144873627436,154.66
691,10.12094320089336,2.867738226718565,1006.5468839206048,207.92
692,12.359601649561167,17.61547344085491,1009.756583745284,236.96
693,14.16742833105801,12.93983624975409,980.4961910563918,256.65
694,8.333014113131766,1.5868296473012098,1003.2047579726752,177.24
695,5.526410144262478,11.539049003118915,1028.1749620443793,140.04
696,16.433640933715917,-1.9322460776527888,1005.9516140064776,276.01
697,9.349872171285629,-3.8384641872730856,1013.8771133729476,201.84
698,15.78724087129747,1.0824830119670246,995.593192895844,283.45
699,6.395979736032451,38.34018002151282,1018.699568907638,150.19
700,13.585082240805985,19.728829115275765,1018.6460740938056,265.75
701,14.71696751613489,38.4619972518949,1006.064802382707,257.04
702,4.140117810093392,14.462404524855938,1028.800691163961,105.01
703,10.405294120266252,9.03172598883668,986.2775107381328,203.19
704,5.957122892657433,17.776383827810985,980.847383244479,131.52
705,4.394249350400891,14.778025988480955,1018.5079105878548,133.26
706,24.7791251125788,-0.2450892082215237,1020.3577768682442,413.12
707,10.091784589443906,23.83718416105928,986.0103614560288,195.82
708,20.817237808801966,4.721718212931982,993.2791416479304,364.3
709,8.602094404802806,22.88145797040233,980.8776181683314,167.01
711,19.725012917573103,1.8411183907891644,1018.6570936959336,349.05
712,16.104052293372575,-2.239266780019933,1005.8980263856288,288.23
713,13.374676148103484,30.13427137307979,997.4047796584144,249.69
714,12.060500111239907,15.691019069619408,998.5869647453164,225.61
715,10.675101863945898,-2.382629202253589,980.0676812857736,194.98
716,23.449641173452168,39.76898427263952,994.9900263782616,404.96
717,21.27362697133004,-2.399874755163501,1012.3229370818964,386.65
719,5.734538916681984,39.265551636853615,1022.353041349195,138.27
720,19.07908445448017,5.763104689716652,981.1797482322764,343.11
721,23.64349005006284,1.4012215909238277,1024.928030233742,391.96
722,6.987127455644523,0.4623222740093,1019.1599206649312,171.83
723,4.462917882069105,8.6473816405418,1019.018806178549,118.97
724,19.3046542843813,-0.4529385045208993,1002.8997879501786,355.89
725,15.638408489958062,26.14726037623593,999.9002646477252,277.25
726,21.520233088681984,-2.196869084147179,995.1457864416597,390.98
727,6.074992285778369,17.923995766740536,983.2847429477184,148.88
728,20.495880860917584,39.85135842338396,991.411768174685,362.97
729,7.43580104105038,31.628662127770845,992.3301817489012,163.88
730,6.600430743045499,22.68487472039549,1004.20385348551,146.52
731,6.613847554481845,8.781412935397524,1017.3722203298348,161.21
732,20.920643845090407,23.07531263312373,1003.6904914198972,365.21
733,17.6343388553164,18.71686587602432,982.892222472358,294.84
734,14.507439344920623,14.173752275066718,1027.88949004941,256.44
735,10.894270650717054,0.881966953308976,1027.1362159547057,211.56
736,22.298411897888386,34.897189685821004,1019.2594771574204,387.58
737,11.633792363297978,15.240309196959512,1029.566395078211,223.94
738,20.965187668374696,3.758013031934429,1007.2241166400132,376.67
740,11.292777447347966,13.635838863801716,983.7802520308376,220.83
741,13.17895528473134,32.23920530050934,998.2840374130684,229.5
742,9.630313231611126,28.012647125263094,991.2690634003384,202.05
743,19.447406363877526,29.618720213860293,989.7916542067136,340.77
744,14.059848582034542,-4.503593100710876,987.0401474446338,265.09
745,8.108679293229981,13.726929918089269,1011.1206820783,162.99
746,22.790640612040505,16.66048682358956,1019.0660927873652,404.65
747,11.445606870210652,-4.136347542962449,1008.914919971018,232.1
748,14.958162944507748,6.69159439352654,987.3481354794104,280.21
749,22.94238644122004,29.21304204049608,1020.5561884966736,392.84
750,16.733235910107826,1.169936757804957,1011.7977353581864,306.8
751,5.571756895584009,19.088955915366626,999.4082853063496,126.51
752,23.67630671949645,4.684084240775688,1013.7065147768031,413.7
753,16.80957716757119,-4.454565141024803,992.9952489621415,318.64
754,10.367923522455897,5.854065591979367,997.2596104247106,216.22
755,6.06398559859452,38.91431897095242,1025.8742921565995,133.66
756,20.46855416394651,31.069170034734533,994.525225283571,360.64
757,16.6416006304273,38.1809489944465,1003.4994134078968,286.69
758,14.736144023479074,16.95343197668631,1024.5070568698006,276.77
759,22.66563682712107,-0.0618710595123426,1015.3860675133764,394.49
760,20.349138646939675,19.65817700381618,983.1101613082352,336.54
761,6.3368473541205255,15.44698005519824,987.3651522139484,133.43
762,9.85788549150206,32.99606872328272,980.3920795385958,195.04
763,8.466761075918246,-0.5862838647089932,1011.546089511458,173.99
764,19.36681843659889,16.97085116598002,1002.383671270521,328.41
765,3.737713564187146,1.7521899112292916,986.7137425451136,109.96
766,15.537573067168964,9.610416710052698,1027.8967060528385,285.58
767,19.7740910862952,28.181068482450986,1006.482986197281,344.67
768,22.28884400875849,16.420815821594495,992.0946647056444,376.77
769,10.525798471749964,11.91497283155962,1005.0301785577352,218.37
770,21.067660702784284,12.751432535651588,1013.9810166367554,382.57
771,5.433898213014559,15.675104578269398,983.8119608986782,126.67
772,21.6219504181594,30.32574447266756,993.7351907523946,368.21
773,5.804750571303613,35.14381100231055,1020.3482745441996,141.98
774,11.74032039232808,37.99006089267677,1002.9832435201332,222.52
775,20.54049804715018,30.41065238148828,1007.3288571016147,356.71
776,6.298183401673024,9.193310308660571,1001.6408001104736,151.87
777,8.043530695118113,25.9660617738944,982.1949971321502,151.56
778,18.88955650464746,14.692140582492636,988.2874889910078,346.53
779,18.840803804013635,6.460177992072303,1002.2770819370944,333.34
780,17.10524792347654,32.83922107416652,990.4592732703964,302.46
781,18.2668657782762,-3.270814296695375,982.498951432984,323.11
782,14.939937753647117,35.57928964609406,1022.1824832025912,273.72
783,8.539579295952962,15.766485908113037,1029.0596264582057,160.78
784,10.605311857086228,23.674066456372618,1019.657143699837,224.03
785,6.9951497696313645,24.670926499260226,1022.6892460852332,155.34
786,22.985912349339824,35.280298331794135,992.0988565158524,399.22
787,15.83461948485465,23.65013569752433,1028.03134877566,297.03
788,11.818731168800078,22.62701131420278,989.8462852226714,217.07
789,13.16412768017092,-2.000658174768952,1027.5714905180917,252.2
790,23.840233471459936,18.328360987534182,1029.7409646982976,404.93
791,6.373730868553764,1.7576050367668747,1015.5861402873024,154.07
792,15.89705630436954,28.18451959246685,1029.057186589591,267.18
793,14.129550935458251,18.04998643657035,1008.4769889783552,260.95
794,16.45199317956225,25.610250064375897,992.9770891588046,290.75
795,3.3984240440584914,-3.124719472892708,1001.8497942832812,105.3
796,22.186725996771333,-1.1843592779388552,1009.6780467689392,387.5
797,23.50660221463947,27.2345524628207,983.6540781013508,395.52
798,15.432930038962596,-1.7562048800596983,1011.1171632308624,274.37
799,18.32631812529163,-1.793447250563363,1029.0588918381147,323.79
800,23.294986385900504,-4.455118614430065,989.5053824891864,390.46
801,18.559249954894767,38.0425629234766,1019.6297558144192,336.81
802,6.355858944113749,28.187876175655312,1025.394939688981,141.65
803,15.678343923669887,10.896313382592886,1027.185079641011,256.11
804,16.347731020422827,8.344101157944484,1028.0067802202725,291.47
805,12.330874768652492,10.73664533856323,1006.0729819360736,224.58
806,19.201773183743903,29.85940890315318,1028.8653953995752,321.71
807,23.556074324918328,24.76167749816865,1017.865510356722,390.97
808,23.36250728394908,3.333800554036056,988.083571811848,401.53
809,12.918466170890904,2.834920090033796,1003.8450053233984,257.06
810,5.491237008496616,-0.5721957628971204,1015.9165587686002,135.5
811,24.66650637717136,24.713622386560218,992.3670157909542,413.93
812,21.45575790181055,29.39676979997812,1012.0307591774445,376.4
813,5.74257898647187,6.927089274625182,1013.330023952331,131.55
814,23.25852141758219,-4.057476753608923,988.1349871904284,391.93
815,22.137719965366824,-1.3022749635607695,1008.2542656226378,370.52
816,14.414437256773589,38.55370156802637,1018.5813455489304,248.7
817,16.00805958638844,8.295014986483912,1004.9447832267972,286.22
818,11.778059485142863,29.615041652716016,980.6051558388052,228.25
819,4.204756054084689,23.10986059844187,980.4519234539646,112.11
820,10.37433931620982,12.187283784380316,997.8514671985006,201.46
821,20.662775869156253,4.25592679879998,1026.3097034215891,350.48
822,3.101904506101263,0.4623888171732897,991.4338389801804,102.61
823,10.336981777205173,22.675583561749,1011.7181844435844,191.88
824,11.759711259000753,29.858520128700462,991.103793534666,234.16
825,14.822703264634304,23.97569140935088,996.0834994829776,262.32
826,23.23682356108073,18.863595996212123,1022.4021044800742,391.03
827,10.619611876051149,-3.112194945576368,1016.4430721134974,194.63
828,10.63297044171701,38.58199499174727,984.7699638656604,204.48
829,19.225027458414463,30.942138624455858,1001.4351010493216,348.13
830,12.948794699575757,8.176991651543414,981.4584881822632,249.39
831,7.941306104679603,39.09866482114828,1004.0445073301504,178.9
832,12.953669354919256,22.08467153363449,1013.1217005850534,249.53
833,6.098854448355597,21.20901961932609,985.9251311799076,130.45
834,6.880513703136913,28.663293074328948,994.4442469454584,149.9
835,13.964091000268557,31.5296404640562,999.8918312751078,251.66
836,12.216359889100056,24.54153732991762,1025.9765512328024,246.55
837,23.1266098234982,0.7643085864790011,1029.6627507711482,384.93
838,10.97266578056593,10.222037769752427,982.2455649497808,223.53
839,15.772943706116957,36.76376381467224,1018.0503961747696,295.52
840,16.90981433422967,5.107702532973336,998.5862033201172,321.94
841,3.28807804494334,11.7475160726881,999.622909311474,95.22
842,17.597822184367633,14.44345973248882,1017.7132486673512,321.09
843,6.916791271134532,14.77322453625035,1025.9213216072703,176.57
844,24.14354698432801,22.582281212253648,1027.5464297251274,405.98
845,6.2705800105684855,37.43841269851184,1008.856129301916,128.71
846,12.121730721994522,5.831172032462723,997.8560579650252,213.03
847,4.877692697730165,0.4675619335413126,1019.377454292939,130.29
848,24.93123354061084,3.8861720436971794,992.550069163115,405.14
849,14.048290227287335,34.911620509417126,1008.203701441676,257.0
850,16.09847038104096,24.06148656948427,997.9289230762436,295.85
851,4.475682502545404,7.865805515762206,1012.8315536853938,118.99
852,19.49913034878191,31.71761225358777,992.0199456446752,346.74
853,7.617923048102886,33.76164983635462,989.5796472867412,166.49
854,22.757194367695703,33.09314524106251,1025.9119543337715,404.15
855,7.513072090604158,36.35169401377995,985.0901841474767,153.17
856,7.195129854600665,6.350845907801272,1005.2978953867466,151.16
857,3.804092692658087,28.976886793582523,991.0426391481504,99.33
858,13.385472792419984,15.7242773773363,981.9464981662834,259.08
859,15.42650493177756,32.88993488005277,981.8009409145714,290.4
860,4.445590067423752,27.7820804722726,988.7610886052912,121.2
861,20.06160756729023,29.94013509248761,1023.3385177253,362.76
862,12.972354364456608,24.527282695648218,994.1239371988512,232.8
863,14.536585925206762,2.9842946261368093,1027.5229585287648,284.72
864,12.69678043264102,19.526211350362225,1009.0811146494596,255.68
865,11.816787339257171,39.31013827860287,1001.8307094884384,234.61
866,15.312087288780791,37.182462992370354,1009.0044417334728,297.5
867,6.415285410475676,-3.057181889134475,1005.8349192613134,129.66
868,7.002418870895965,2.416666707824671,1017.9388126878664,149.79
869,21.95928366229738,0.927794805455286,994.1248032986426,372.04
870,23.81454016693992,27.6690959493383,997.6525195800152,414.43
871,11.212804958154564,31.80033984356253,1024.7047151266624,207.69
872,8.956382809158182,4.608011483980237,1027.3228256575203,191.92
873,17.16798995125835,17.763371182832305,1024.6279113743235,321.23
874,11.99215176415812,32.831636260504,1000.9723996978656,236.83
875,3.558499824527587,27.976069514481274,1019.018275150344,106.22
876,6.435357142056188,19.40067424713317,1003.8167866650548,136.65
877,18.751389034642745,21.56564607064478,1004.876992607305,322.8
878,17.49632672202333,17.876224611232598,990.2340054528642,324.94
879,3.596111835076637,8.389680309346925,1009.5565151629258,111.74
880,7.883387562524888,20.425989678655725,989.3067948876674,167.86
881,8.08364552493757,25.99983859225408,996.5782349533596,167.08
882,17.781640359172023,34.299531213736344,1022.7515100809968,296.47
883,3.433631830596012,23.633110929066163,990.3537904605428,90.8
884,5.290388803660624,29.25046916694211,983.5579142586716,148.47
885,20.59815387821017,2.2032235729557845,983.4503796306408,346.17
886,6.92798256519534,15.770086348890544,1027.0392260251554,155.81
887,17.360414372741243,-4.580077107780801,1005.3460218980916,320.48
888,8.240021183027984,6.100548903473037,1000.4706035908508,161.05
889,5.1877106407055935,27.69077718008522,1020.543929050396,129.66
890,8.349788201987991,39.63144781072136,1021.7912963955258,184.63
891,18.889872500824502,-0.5369855185752845,996.6095516557804,333.47
892,21.82532229833829,13.06724421375797,1014.6809028736898,406.06
893,21.264837020473816,31.00319359146218,1018.5561407925944,352.29
894,11.738037651606009,4.1816035583004485,1012.7325343432976,236.66
895,17.697873004554218,19.97882271860288,987.579753740005,313.74
896,7.509654499148061,27.988208321335364,1023.7941541758528,170.36
897,9.44925006574229,22.719345261708057,1006.9547276368004,196.15
898,22.71938800746464,3.4611130576937263,994.1236213185002,383.46
899,3.286042317236193,10.992305590858274,1001.2614092718846,101.58
900,4.881187678798298,30.27063030184287,981.8785545199454,104.64
901,7.573497613212601,19.94019313594075,986.3933400611209,169.63
902,3.583708485224034,-4.764667390568927,1018.2773375257932,106.74
903,6.9915795719755405,29.244584201264225,980.0005817377684,161.26
904,15.826914341333229,-3.410989027689242,1000.8282914241146,297.98
905,12.271340113034954,28.558020222905448,1006.1255090542794,237.75
906,22.638777643693448,4.111625207435683,982.7317210000488,391.06
907,20.9837583582457,38.11330660537211,1028.653908148617,355.95
908,10.519981737353271,11.557333808593803,991.3062665624836,200.68
909,8.707315535488434,9.71192273521356,995.209935981814,192.48
910,11.353232979679872,1.6999622649600106,995.1971256127514,234.66
911,15.98648873532577,8.75218969705967,991.5208331058676,287.42
912,8.897400098103278,34.449284282269026,980.0736911043156,183.92
913,16.731275972680947,39.83504519322613,1016.4672397043998,291.92
914,12.00705634820729,11.573928872808176,1028.3422749899642,241.83
915,15.145037978743565,15.187478392954414,991.2146741642524,283.83
916,12.594783640976967,27.493192219123166,1013.1523595901712,258.33
917,9.478246709922187,34.87881012092836,1017.0948163479358,183.39
918,23.865972753167448,21.68699503840529,1022.4212689545262,404.21
919,19.799327471514736,12.61865641800232,1001.1314598506804,349.3
920,6.082489866861956,13.567982838188067,995.1465452820214,147.7
921,22.10629546975408,26.302816592356308,996.2647567011516,379.44
922,13.7234863614893,-4.855178137807459,1015.6310666549256,247.12
923,22.680148991670013,22.881520185692832,1020.8389733252818,399.02
924,20.596815630840936,10.997185469861083,989.08069838783,366.16
925,12.354697098323136,30.738879907468792,998.5470504078884,226.16
926,3.4943247830425825,-0.8154212079590533,1025.0970098374576,115.97
927,8.910901906468814,21.46910201267757,1020.3346759847368,195.37
928,14.915952722539071,16.64378004487557,1029.2429201381235,275.08
929,16.93652083617524,23.90464866573524,1017.712412984104,304.84
930,8.67352907953045,-2.0815882482664243,999.659760051396,185.64
931,6.065833629602131,21.099270434265907,1009.531891699732,132.37
932,21.36846520958458,20.266806458178568,1013.050712712366,370.83
933,24.656847975478147,20.229704248727693,983.9227908158562,398.33
934,14.565184010659088,22.156944996840465,1007.2248479551932,277.24
935,6.776944288662677,25.4410571751863,1015.4660414236304,136.04
936,8.990761183426116,31.22450498563464,988.3660652000532,199.9
937,3.4045948840442684,7.141932405769646,1019.031585871278,97.77
938,23.11457374433098,32.12722345810279,1009.1886390257056,394.6
939,5.590523823583105,17.421505701855413,1027.6110892848797,127.58
940,15.683362461313578,-1.5323774389550977,982.1211149103444,282.37
941,9.029214855118532,-2.365208184020936,993.2663068777732,199.62
942,15.191916055347455,10.040724341322736,1010.0776939649912,253.0
943,17.33124854374101,30.32036397001604,994.8279956102964,322.74
944,21.254319681558435,26.84564206334121,1015.721208203562,372.2
945,7.541267978733271,30.48767341025829,1017.9502641260964,151.05
946,3.2419082304865707,18.27710753987242,985.1257982033236,87.88
947,6.01148386151376,14.808954907997077,1005.6927232103384,156.94
948,22.80041012065832,1.6353637017827776,1005.4445277795528,382.55
949,22.225581706375337,9.76867391241902,998.4640385107772,371.85
950,16.143088247746782,14.530871477824387,1026.6462431284835,303.52
951,16.211370929540372,-1.0129806644172246,1021.375315993661,296.56
952,17.63080684001762,4.927537872004507,1014.8604690954818,305.08
953,6.8581681297158905,21.920138232868247,1015.7163317867498,155.04
954,23.117062810349115,28.104840140763542,1003.085807190656,386.5
956,11.429047621488944,36.990099910460096,1014.7297713626642,232.05
957,14.416189516222426,23.91543397908362,1016.4490530827908,271.56
958,4.033251269051212,13.95616239823324,1023.0845451893672,114.12
959,6.658234112633747,23.627981411870472,993.7035794671096,167.49
960,19.23673956138015,30.35432281361044,1020.3535451933352,338.55
961,4.821570694352783,0.3251285915524295,989.7620301478246,110.5
962,16.26934640826054,13.445720036332972,997.2670976122444,298.53
963,8.397680412989061,32.79110285360277,996.780522713492,196.83
965,9.351262208955395,20.734252205223395,1022.8268611873964,186.65
966,10.82479976222888,21.44962123879892,1015.058493079513,216.54
967,18.819009914053403,3.301431391013772,1016.3528380807696,331.75
968,9.53667774370985,11.300594874352978,1008.1036397201284,183.23
969,15.46090208653174,10.053007993386949,1027.354533355426,293.13
970,13.473108848380193,-3.821148116057085,1004.812937644118,275.3
971,17.60076563797826,-3.911370624889014,999.0258854934948,315.97
972,23.610254265144675,32.426366965409805,988.1517668465796,395.11
973,19.116586138625507,7.288186448776559,1019.3102826130528,321.26
974,7.728688328996649,18.313544480746696,1016.7221966037796,168.51
975,3.686028971348263,8.442650811494786,999.2177519262068,116.33
976,8.769808974596152,37.330566030190326,981.2596706979616,186.3
977,16.091714475405606,6.668354148959818,1021.9498663859006,291.35
978,4.131367896653508,14.33455657325208,980.5708991727035,106.08
979,13.9200574384272,34.27286127180708,1015.1849889814524,247.88
980,16.130542676171565,32.88701050563139,1028.512855486303,300.31
981,10.353365597973138,3.374563803082479,1001.8830664074102,214.44
983,5.34516156894298,15.618409903205167,1015.2435505021692,146.08
984,4.653031198187793,16.733599243840985,1020.8564071007792,125.54
985,19.02015263647928,1.0065987587174705,1007.3215158038925,349.3
986,13.900808956536366,-1.372931880929391,1028.3517637628074,245.09
988,12.566201449282415,17.34075185598849,1005.2397799152264,237.0
989,8.420844731260349,14.65828161768308,1015.9226973661276,181.34
990,21.020250988832395,27.82787028935785,1023.132023557459,383.27
991,20.587149337317545,29.44808045459994,988.9627805953896,365.87
992,18.28332235879739,2.15086754512091,1020.000174088184,321.82
993,8.98719301905918,22.46013172649386,1007.6353537859272,174.54
994,15.985074671119916,1.0909337024958488,999.827684099498,302.08
995,10.941425732680589,28.81187887130706,986.5857514289548,204.47
996,5.014805613185951,24.56298203202128,1023.2647879454456,141.51
997,23.18089866016934,38.04765794875561,987.8636604089858,394.87
998,6.010009880217151,-1.8968892639610464,995.489392960455,156.06
999,23.90522178405765,-2.432537548193556,994.502276598122,415.37
1000,12.812127005075029,7.6984183611940065,1023.5707017095428,240.81
